-- MySQL Script generated by MySQL Workbench
-- 10/23/18 00:30:51
-- Model: DER_Radiko    Version: 1.0

-- Base de datos de Rádiko

-- MySQL Workbench Forward Engineering

SET @OLD_UNIQUE_CHECKS=@@UNIQUE_CHECKS, UNIQUE_CHECKS=0;
SET @OLD_FOREIGN_KEY_CHECKS=@@FOREIGN_KEY_CHECKS, FOREIGN_KEY_CHECKS=0;
SET @OLD_SQL_MODE=@@SQL_MODE, SQL_MODE='TRADITIONAL';

-- -----------------------------------------------------
-- Schema DW6_RADIKO
-- -----------------------------------------------------

-- -----------------------------------------------------
-- Schema DW6_RADIKO
-- -----------------------------------------------------
DROP DATABASE IF EXISTS `DW6_RADIKO`;
CREATE SCHEMA IF NOT EXISTS `DW6_RADIKO` DEFAULT CHARACTER SET utf8mb4 ;
USE `DW6_RADIKO` ;

-- -----------------------------------------------------
-- Table `DW6_RADIKO`.`USUARIOS`
-- -----------------------------------------------------
CREATE TABLE IF NOT EXISTS `DW6_RADIKO`.`USUARIOS` (
  `id_usuario` INT UNSIGNED NOT NULL AUTO_INCREMENT,
  `nombre` VARCHAR(45) NULL,
  `apellido` VARCHAR(45) NULL,
  `email` VARCHAR(100) NOT NULL,
  `password` VARCHAR(100) NOT NULL,
  `telefono` VARCHAR(20) NOT NULL,
  `foto` VARCHAR(255) NULL,
  `fecha_alta` DATETIME NOT NULL,
  `estado` ENUM('activo','suspendido','dado de baja','pendiente de pago') NOT NULL,
  `activo` TINYINT(1) NOT NULL DEFAULT 1,
  UNIQUE INDEX `Email_UNIQUE` (`email` ASC),
  PRIMARY KEY (`id_usuario`))
ENGINE = InnoDB;


-- -----------------------------------------------------
-- Table `DW6_RADIKO`.`ADMINISTRADORES`
-- -----------------------------------------------------
CREATE TABLE IF NOT EXISTS `DW6_RADIKO`.`ADMINISTRADORES` (
  `fk_usuario` INT UNSIGNED NOT NULL,
  INDEX `fk_ADMINISTRADORES_USUARIOS_idx` (`fk_usuario` ASC),
  PRIMARY KEY (`fk_usuario`),
  CONSTRAINT `fk_ADMINISTRADORES_USUARIOS`
    FOREIGN KEY (`fk_usuario`)
    REFERENCES `DW6_RADIKO`.`USUARIOS` (`id_usuario`)
    ON DELETE RESTRICT
    ON UPDATE CASCADE)
ENGINE = InnoDB;


-- -----------------------------------------------------
-- Table `DW6_RADIKO`.`CLIENTES`
-- -----------------------------------------------------
CREATE TABLE IF NOT EXISTS `DW6_RADIKO`.`CLIENTES` (
  `fk_usuario` INT UNSIGNED NOT NULL,
  `dni` INT(8) UNSIGNED NULL,
  `fecha_nac` DATE NULL,
  UNIQUE INDEX `dni_UNIQUE` (`dni` ASC),
  INDEX `fk_CLIENTES_USUARIOS1_idx` (`fk_usuario` ASC),
  PRIMARY KEY (`fk_usuario`),
  CONSTRAINT `fk_CLIENTES_USUARIOS1`
    FOREIGN KEY (`fk_usuario`)
    REFERENCES `DW6_RADIKO`.`USUARIOS` (`id_usuario`)
    ON DELETE RESTRICT
    ON UPDATE CASCADE)
ENGINE = InnoDB
COMMENT = 'El ID no es autoincrementable';


-- -----------------------------------------------------
-- Table `DW6_RADIKO`.`TIPOS_HUERTAS`
-- -----------------------------------------------------
CREATE TABLE IF NOT EXISTS `DW6_RADIKO`.`TIPOS_HUERTAS` (
  `id_tipo_huerta` TINYINT(2) UNSIGNED NOT NULL AUTO_INCREMENT,
  `tipo` VARCHAR(45) NOT NULL,
  PRIMARY KEY (`id_tipo_huerta`),
  UNIQUE INDEX `tipo_UNIQUE` (`tipo` ASC))
ENGINE = InnoDB;


-- -----------------------------------------------------
-- Table `DW6_RADIKO`.`HUERTAS`
-- -----------------------------------------------------
CREATE TABLE IF NOT EXISTS `DW6_RADIKO`.`HUERTAS` (
  `id_huerta` INT UNSIGNED NOT NULL AUTO_INCREMENT,
  `nombre_huerta` VARCHAR(100) NOT NULL,
  `cuit` BIGINT(11) UNSIGNED NOT NULL,
  `razon_social` VARCHAR(100) NOT NULL,
  `direccion` VARCHAR(50) NULL,
  `cantidad_max_envios` TINYINT(3) UNSIGNED NULL,
  `foto_huerta` VARCHAR(255) NOT NULL,
  `activo` TINYINT(1) NOT NULL DEFAULT 1,
  `TIPO_HUERTA_id_tipo_huerta` TINYINT(2) UNSIGNED NOT NULL,
  `USUARIOS_id_usuario` INT UNSIGNED NOT NULL,
  PRIMARY KEY (`id_huerta`),
  INDEX `fk_HUERTAS_TIPO_HUERTA1_idx` (`TIPO_HUERTA_id_tipo_huerta` ASC),
  INDEX `fk_HUERTAS_USUARIOS1_idx` (`USUARIOS_id_usuario` ASC),
  CONSTRAINT `fk_HUERTAS_TIPO_HUERTA1`
    FOREIGN KEY (`TIPO_HUERTA_id_tipo_huerta`)
    REFERENCES `DW6_RADIKO`.`TIPOS_HUERTAS` (`id_tipo_huerta`)
    ON DELETE RESTRICT
    ON UPDATE CASCADE,
  CONSTRAINT `fk_HUERTAS_USUARIOS1`
    FOREIGN KEY (`USUARIOS_id_usuario`)
    REFERENCES `DW6_RADIKO`.`USUARIOS` (`id_usuario`)
    ON DELETE RESTRICT
    ON UPDATE CASCADE)
ENGINE = InnoDB;


-- -----------------------------------------------------
-- Table `DW6_RADIKO`.`CATEGORIAS`
-- -----------------------------------------------------
CREATE TABLE IF NOT EXISTS `DW6_RADIKO`.`CATEGORIAS` (
  `id_categoria` TINYINT(2) UNSIGNED NOT NULL AUTO_INCREMENT,
  `categoria` VARCHAR(45) NOT NULL,
  `descripcion` TEXT(1000) NULL,
  PRIMARY KEY (`id_categoria`),
  UNIQUE INDEX `categoria_UNIQUE` (`categoria` ASC))
ENGINE = InnoDB;


-- -----------------------------------------------------
-- Table `DW6_RADIKO`.`UNIDADES_DE_MEDIDA`
-- -----------------------------------------------------
CREATE TABLE IF NOT EXISTS `DW6_RADIKO`.`UNIDADES_DE_MEDIDA` (
  `id_unidad_medida` INT UNSIGNED NOT NULL AUTO_INCREMENT,
  `unidad_de_medida` VARCHAR(45) NOT NULL,
  PRIMARY KEY (`id_unidad_medida`),
  UNIQUE INDEX `unidad_de_medida_UNIQUE` (`unidad_de_medida` ASC))
ENGINE = InnoDB;


-- -----------------------------------------------------
-- Table `DW6_RADIKO`.`PRODUCTOS`
-- -----------------------------------------------------
CREATE TABLE IF NOT EXISTS `DW6_RADIKO`.`PRODUCTOS` (
  `id_producto` INT UNSIGNED NOT NULL AUTO_INCREMENT,
  `producto` VARCHAR(100) NOT NULL,
  `descripcion` TEXT(1000) NULL,
  `marca` VARCHAR(45) NULL,
  `precio` FLOAT(6,2) NOT NULL,
  `foto` VARCHAR(255) NULL,
  `stock` INT NOT NULL,
  `activo` TINYINT(1) NOT NULL DEFAULT 1,
  `fecha_alta` DATETIME NOT NULL,
  `fecha_baja` DATETIME NULL,
  `CATEGORIAS_id_categoria` TINYINT(2) UNSIGNED NOT NULL,
  `UNIDADES_DE_MEDIDA_id_unidad_medida` INT UNSIGNED NOT NULL,
  `HUERTAS_id_huerta` INT UNSIGNED NOT NULL,
  `estado` TINYINT(1) NOT NULL DEFAULT 1,
  PRIMARY KEY (`id_producto`),
  INDEX `fk_PRODUCTOS_CATEGORIAS1_idx` (`CATEGORIAS_id_categoria` ASC),
  INDEX `fk_PRODUCTOS_UNIDADES_DE_MEDIDA1_idx` (`UNIDADES_DE_MEDIDA_id_unidad_medida` ASC),
  INDEX `fk_PRODUCTOS_HUERTAS1_idx` (`HUERTAS_id_huerta` ASC),
  CONSTRAINT `fk_PRODUCTOS_CATEGORIAS1`
    FOREIGN KEY (`CATEGORIAS_id_categoria`)
    REFERENCES `DW6_RADIKO`.`CATEGORIAS` (`id_categoria`)
    ON DELETE RESTRICT
    ON UPDATE CASCADE,
  CONSTRAINT `fk_PRODUCTOS_UNIDADES_DE_MEDIDA1`
    FOREIGN KEY (`UNIDADES_DE_MEDIDA_id_unidad_medida`)
    REFERENCES `DW6_RADIKO`.`UNIDADES_DE_MEDIDA` (`id_unidad_medida`)
    ON DELETE RESTRICT
    ON UPDATE CASCADE,
  CONSTRAINT `fk_PRODUCTOS_HUERTAS1`
    FOREIGN KEY (`HUERTAS_id_huerta`)
    REFERENCES `DW6_RADIKO`.`HUERTAS` (`id_huerta`)
    ON DELETE RESTRICT
    ON UPDATE CASCADE)
ENGINE = InnoDB;


-- -----------------------------------------------------
-- Table `DW6_RADIKO`.`ZONAS`
-- -----------------------------------------------------
CREATE TABLE IF NOT EXISTS `DW6_RADIKO`.`ZONAS` (
  `id_zona` INT UNSIGNED NOT NULL AUTO_INCREMENT,
  `zona` VARCHAR(45) NOT NULL,
  PRIMARY KEY (`id_zona`),
  UNIQUE INDEX `zona_UNIQUE` (`zona` ASC))
ENGINE = InnoDB;


-- -----------------------------------------------------
-- Table `DW6_RADIKO`.`COSTO_ZONAS`
-- -----------------------------------------------------
CREATE TABLE IF NOT EXISTS `DW6_RADIKO`.`COSTO_ZONAS` (
  `ZONAS_id_zona` INT UNSIGNED NOT NULL,
  `HUERTAS_id_huerta` INT UNSIGNED NOT NULL,
  `precio_zona` FLOAT(8,2) UNSIGNED NOT NULL,
  PRIMARY KEY (`ZONAS_id_zona`, `HUERTAS_id_huerta`),
  INDEX `fk_ZONAS_has_HUERTAS_HUERTAS1_idx` (`HUERTAS_id_huerta` ASC),
  INDEX `fk_ZONAS_has_HUERTAS_ZONAS1_idx` (`ZONAS_id_zona` ASC),
  CONSTRAINT `fk_ZONAS_has_HUERTAS_ZONAS1`
    FOREIGN KEY (`ZONAS_id_zona`)
    REFERENCES `DW6_RADIKO`.`ZONAS` (`id_zona`)
    ON DELETE RESTRICT
    ON UPDATE CASCADE,
  CONSTRAINT `fk_ZONAS_has_HUERTAS_HUERTAS1`
    FOREIGN KEY (`HUERTAS_id_huerta`)
    REFERENCES `DW6_RADIKO`.`HUERTAS` (`id_huerta`)
    ON DELETE RESTRICT
    ON UPDATE CASCADE)
ENGINE = InnoDB;


-- -----------------------------------------------------
-- Table `DW6_RADIKO`.`ENVIOS`
-- -----------------------------------------------------
CREATE TABLE IF NOT EXISTS `DW6_RADIKO`.`ENVIOS` (
  `id_envio` INT UNSIGNED NOT NULL,
  `fecha_envio` DATE NOT NULL,
  `COSTO_ZONAS_ZONAS_id_zona` INT UNSIGNED NOT NULL,
  `COSTO_ZONAS_HUERTAS_id_huerta` INT UNSIGNED NOT NULL,
  PRIMARY KEY (`id_envio`),
  INDEX `fk_ENVIOS_COSTO_ZONAS1_idx` (`COSTO_ZONAS_ZONAS_id_zona` ASC, `COSTO_ZONAS_HUERTAS_id_huerta` ASC),
  CONSTRAINT `fk_ENVIOS_COSTO_ZONAS1`
    FOREIGN KEY (`COSTO_ZONAS_ZONAS_id_zona` , `COSTO_ZONAS_HUERTAS_id_huerta`)
    REFERENCES `DW6_RADIKO`.`COSTO_ZONAS` (`ZONAS_id_zona` , `HUERTAS_id_huerta`)
    ON DELETE RESTRICT
    ON UPDATE CASCADE)
ENGINE = InnoDB;


-- -----------------------------------------------------
-- Table `DW6_RADIKO`.`TIPOS_PAGOS`
-- -----------------------------------------------------
CREATE TABLE IF NOT EXISTS `DW6_RADIKO`.`TIPOS_PAGOS` (
  `id_tipo_pago` TINYINT(2) UNSIGNED NOT NULL AUTO_INCREMENT,
  `tipo_pago` VARCHAR(100) NOT NULL,
  PRIMARY KEY (`id_tipo_pago`),
  UNIQUE INDEX `tipo_pago_UNIQUE` (`tipo_pago` ASC))
ENGINE = InnoDB;


-- -----------------------------------------------------
-- Table `DW6_RADIKO`.`ESTADOS_PEDIDOS`
-- -----------------------------------------------------
CREATE TABLE IF NOT EXISTS `DW6_RADIKO`.`ESTADOS_PEDIDOS` (
  `id_estado` TINYINT(2) UNSIGNED NOT NULL AUTO_INCREMENT,
  `estado` VARCHAR(45) NOT NULL,
  PRIMARY KEY (`id_estado`),
  UNIQUE INDEX `estado_UNIQUE` (`estado` ASC))
ENGINE = InnoDB;


-- -----------------------------------------------------
-- Table `DW6_RADIKO`.`DISPONIBILIDADES`
-- -----------------------------------------------------
CREATE TABLE IF NOT EXISTS `DW6_RADIKO`.`DISPONIBILIDADES` (
  `id_disponibilidad` INT UNSIGNED NOT NULL AUTO_INCREMENT,
  `dias` SET('lunes','martes','miercoles','jueves','viernes','sabado','domingo') NOT NULL,
  `horario_inicio` TIME NOT NULL,
  `horario_final` TIME NOT NULL,
  `activo` TINYINT(1) NOT NULL DEFAULT 1,
  `HUERTAS_id_huerta` INT UNSIGNED NOT NULL,
  PRIMARY KEY (`id_disponibilidad`),
  INDEX `fk_DISPONIBILIDADES_HUERTAS1_idx` (`HUERTAS_id_huerta` ASC),
  CONSTRAINT `fk_DISPONIBILIDADES_HUERTAS1`
    FOREIGN KEY (`HUERTAS_id_huerta`)
    REFERENCES `DW6_RADIKO`.`HUERTAS` (`id_huerta`)
    ON DELETE RESTRICT
    ON UPDATE CASCADE)
ENGINE = InnoDB;


-- -----------------------------------------------------
-- Table `DW6_RADIKO`.`PEDIDOS`
-- -----------------------------------------------------
CREATE TABLE IF NOT EXISTS `DW6_RADIKO`.`PEDIDOS` (
  `id_pedido` INT UNSIGNED NOT NULL AUTO_INCREMENT,
  `fecha_pedido` DATETIME NOT NULL,
  `subtotal` FLOAT(8,2) NOT NULL,
  `observaciones` TEXT(1000) NULL,
  `CLIENTES_fk_usuario` INT UNSIGNED NOT NULL,
  `ENVIO_id_envio` INT UNSIGNED NOT NULL,
  `TIPO_PAGO_id_tipo_pago` TINYINT(2) UNSIGNED NOT NULL,
  `ESTADO_PEDIDO_id_estado` TINYINT(2) UNSIGNED NOT NULL,
  `DISPONIBILIDAD_id_disponibilidad` INT UNSIGNED NOT NULL,
  `HUERTAS_id_huerta` INT UNSIGNED NOT NULL,
  PRIMARY KEY (`id_pedido`),
  INDEX `fk_PEDIDOS_CLIENTES1_idx` (`CLIENTES_fk_usuario` ASC),
  INDEX `fk_PEDIDOS_ENVIO1_idx` (`ENVIO_id_envio` ASC),
  INDEX `fk_PEDIDOS_TIPO_PAGO1_idx` (`TIPO_PAGO_id_tipo_pago` ASC),
  INDEX `fk_PEDIDOS_ESTADO_PEDIDO1_idx` (`ESTADO_PEDIDO_id_estado` ASC),
  INDEX `fk_PEDIDOS_DISPONIBILIDAD1_idx` (`DISPONIBILIDAD_id_disponibilidad` ASC),
  INDEX `fk_PEDIDOS_HUERTAS1_idx` (`HUERTAS_id_huerta` ASC),
  CONSTRAINT `fk_PEDIDOS_CLIENTES1`
    FOREIGN KEY (`CLIENTES_fk_usuario`)
    REFERENCES `DW6_RADIKO`.`CLIENTES` (`fk_usuario`)
    ON DELETE RESTRICT
    ON UPDATE CASCADE,
  CONSTRAINT `fk_PEDIDOS_ENVIO1`
    FOREIGN KEY (`ENVIO_id_envio`)
    REFERENCES `DW6_RADIKO`.`ENVIOS` (`id_envio`)
    ON DELETE RESTRICT
    ON UPDATE CASCADE,
  CONSTRAINT `fk_PEDIDOS_TIPO_PAGO1`
    FOREIGN KEY (`TIPO_PAGO_id_tipo_pago`)
    REFERENCES `DW6_RADIKO`.`TIPOS_PAGOS` (`id_tipo_pago`)
    ON DELETE RESTRICT
    ON UPDATE CASCADE,
  CONSTRAINT `fk_PEDIDOS_ESTADO_PEDIDO1`
    FOREIGN KEY (`ESTADO_PEDIDO_id_estado`)
    REFERENCES `DW6_RADIKO`.`ESTADOS_PEDIDOS` (`id_estado`)
    ON DELETE RESTRICT
    ON UPDATE CASCADE,
  CONSTRAINT `fk_PEDIDOS_DISPONIBILIDAD1`
    FOREIGN KEY (`DISPONIBILIDAD_id_disponibilidad`)
    REFERENCES `DW6_RADIKO`.`DISPONIBILIDADES` (`id_disponibilidad`)
    ON DELETE RESTRICT
    ON UPDATE CASCADE,
  CONSTRAINT `fk_PEDIDOS_HUERTAS1`
    FOREIGN KEY (`HUERTAS_id_huerta`)
    REFERENCES `DW6_RADIKO`.`HUERTAS` (`id_huerta`)
    ON DELETE RESTRICT
    ON UPDATE CASCADE)
ENGINE = InnoDB;


-- -----------------------------------------------------
-- Table `DW6_RADIKO`.`DIRECCIONES`
-- -----------------------------------------------------
CREATE TABLE IF NOT EXISTS `DW6_RADIKO`.`DIRECCIONES` (
  `id_direccion` INT UNSIGNED NOT NULL AUTO_INCREMENT,
  `referencia` VARCHAR(50) NULL,
  `tipo` BIT NOT NULL,
  `calle` VARCHAR(100) NOT NULL,
  `numero` VARCHAR(45) NOT NULL,
  `piso` VARCHAR(10) NULL,
  `departamento` VARCHAR(10) NULL,
  `telefono` VARCHAR(20) NULL,
  `aclaracion` VARCHAR(255) NULL,
  `activo` TINYINT(1) NOT NULL DEFAULT 1,
  `CLIENTES_fk_usuario` INT UNSIGNED NOT NULL,
  `ZONAS_id_zona` INT UNSIGNED NOT NULL,
  PRIMARY KEY (`id_direccion`),
  INDEX `fk_DIRECCIONES_CLIENTES1_idx` (`CLIENTES_fk_usuario` ASC),
  INDEX `fk_DIRECCIONES_ZONAS1_idx` (`ZONAS_id_zona` ASC),
  CONSTRAINT `fk_DIRECCIONES_CLIENTES1`
    FOREIGN KEY (`CLIENTES_fk_usuario`)
    REFERENCES `DW6_RADIKO`.`CLIENTES` (`fk_usuario`)
    ON DELETE RESTRICT
    ON UPDATE CASCADE,
  CONSTRAINT `fk_DIRECCIONES_ZONAS1`
    FOREIGN KEY (`ZONAS_id_zona`)
    REFERENCES `DW6_RADIKO`.`ZONAS` (`id_zona`)
    ON DELETE RESTRICT
    ON UPDATE CASCADE)
ENGINE = InnoDB;


-- -----------------------------------------------------
-- Table `DW6_RADIKO`.`LOG_EVENTOS`
-- -----------------------------------------------------
CREATE TABLE IF NOT EXISTS `DW6_RADIKO`.`LOG_EVENTOS` (
  `id_log_eventos` INT UNSIGNED NOT NULL AUTO_INCREMENT,
  `accion` VARCHAR(255) NOT NULL,
  `ip` VARCHAR(45) NOT NULL,
  `fecha_evento` DATETIME NOT NULL,
  `USUARIOS_id_usuario` INT UNSIGNED NOT NULL,
  PRIMARY KEY (`id_log_eventos`),
  INDEX `fk_LOG_EVENTOS_USUARIOS1_idx` (`USUARIOS_id_usuario` ASC),
  CONSTRAINT `fk_LOG_EVENTOS_USUARIOS1`
    FOREIGN KEY (`USUARIOS_id_usuario`)
    REFERENCES `DW6_RADIKO`.`USUARIOS` (`id_usuario`)
    ON DELETE RESTRICT
    ON UPDATE CASCADE)
ENGINE = InnoDB;


-- -----------------------------------------------------
-- Table `DW6_RADIKO`.`REL_PEDIDOS_PRODUCTOS`
-- -----------------------------------------------------
CREATE TABLE IF NOT EXISTS `DW6_RADIKO`.`REL_PEDIDOS_PRODUCTOS` (
  `PRODUCTOS_id_producto` INT UNSIGNED NOT NULL,
  `PEDIDOS_id_pedido` INT UNSIGNED NOT NULL,
  `precio` FLOAT(6,2) NOT NULL,
  `cantidad` TINYINT(2) NOT NULL,
  PRIMARY KEY (`PRODUCTOS_id_producto`, `PEDIDOS_id_pedido`),
  INDEX `fk_PRODUCTOS_has_PEDIDOS_PEDIDOS1_idx` (`PEDIDOS_id_pedido` ASC),
  INDEX `fk_PRODUCTOS_has_PEDIDOS_PRODUCTOS1_idx` (`PRODUCTOS_id_producto` ASC),
  CONSTRAINT `fk_PRODUCTOS_has_PEDIDOS_PRODUCTOS1`
    FOREIGN KEY (`PRODUCTOS_id_producto`)
    REFERENCES `DW6_RADIKO`.`PRODUCTOS` (`id_producto`)
    ON DELETE RESTRICT
    ON UPDATE CASCADE,
  CONSTRAINT `fk_PRODUCTOS_has_PEDIDOS_PEDIDOS1`
    FOREIGN KEY (`PEDIDOS_id_pedido`)
    REFERENCES `DW6_RADIKO`.`PEDIDOS` (`id_pedido`)
    ON DELETE RESTRICT
    ON UPDATE CASCADE)
ENGINE = InnoDB;


-- -----------------------------------------------------
-- Table `DW6_RADIKO`.`REL_HUERTAS_CLIENTES_REVIEW`
-- -----------------------------------------------------
CREATE TABLE IF NOT EXISTS `DW6_RADIKO`.`REL_HUERTAS_CLIENTES_REVIEW` (
  `HUERTAS_id_huerta` INT UNSIGNED NOT NULL,
  `CLIENTES_fk_usuario` INT UNSIGNED NOT NULL,
  `estrellas` TINYINT(1) NOT NULL,
  `comentario` TEXT NULL,
  `fecha` DATETIME NOT NULL,
  `activo` TINYINT(1) NOT NULL DEFAULT 0,
  PRIMARY KEY (`HUERTAS_id_huerta`, `CLIENTES_fk_usuario`),
  INDEX `fk_HUERTAS_has_CLIENTES_CLIENTES1_idx` (`CLIENTES_fk_usuario` ASC),
  INDEX `fk_HUERTAS_has_CLIENTES_HUERTAS1_idx` (`HUERTAS_id_huerta` ASC),
  CONSTRAINT `fk_HUERTAS_has_CLIENTES_HUERTAS1`
    FOREIGN KEY (`HUERTAS_id_huerta`)
    REFERENCES `DW6_RADIKO`.`HUERTAS` (`id_huerta`)
    ON DELETE NO ACTION
    ON UPDATE NO ACTION,
  CONSTRAINT `fk_HUERTAS_has_CLIENTES_CLIENTES1`
    FOREIGN KEY (`CLIENTES_fk_usuario`)
    REFERENCES `DW6_RADIKO`.`CLIENTES` (`fk_usuario`)
    ON DELETE NO ACTION
    ON UPDATE NO ACTION)
ENGINE = InnoDB;


SET SQL_MODE=@OLD_SQL_MODE;
SET FOREIGN_KEY_CHECKS=@OLD_FOREIGN_KEY_CHECKS;
SET UNIQUE_CHECKS=@OLD_UNIQUE_CHECKS;

-- -----------------------------------------------------
-- Data for table `DW6_RADIKO`.`USUARIOS`
-- -----------------------------------------------------
START TRANSACTION;
USE `DW6_RADIKO`;
INSERT INTO `DW6_RADIKO`.`USUARIOS` (`id_usuario`, `nombre`, `apellido`, `email`, `password`, `telefono`, `foto`, `fecha_alta`, `estado`, `activo`) VALUES (1, 'Laura', 'Mitono', 'lau@mail.com', '123', '15-3039-8007', NULL, '2018-06-01 12:10:00', 'activo', 1);
INSERT INTO `DW6_RADIKO`.`USUARIOS` (`id_usuario`, `nombre`, `apellido`, `email`, `password`, `telefono`, `foto`, `fecha_alta`, `estado`, `activo`) VALUES (2, 'Florencia', 'Ederli', 'fespi@mail.com', '123', '', NULL, '2018-06-01 12:10:00', 'activo', 1);
INSERT INTO `DW6_RADIKO`.`USUARIOS` (`id_usuario`, `nombre`, `apellido`, `email`, `password`, `telefono`, `foto`, `fecha_alta`, `estado`, `activo`) VALUES (3, 'Florencia', 'Sepúlveda', 'flor@mail.com', '123', '2365-4578', NULL, '2018-06-01 12:10:00', 'activo', 1);
INSERT INTO `DW6_RADIKO`.`USUARIOS` (`id_usuario`, `nombre`, `apellido`, `email`, `password`, `telefono`, `foto`, `fecha_alta`, `estado`, `activo`) VALUES (4, 'Emiliano', 'Hotes', 'emi@mail.com', '123', '23544568', 'emi.jpg', '2018-06-01 12:10:00', 'activo', 1);
INSERT INTO `DW6_RADIKO`.`USUARIOS` (`id_usuario`, `nombre`, `apellido`, `email`, `password`, `telefono`, `foto`, `fecha_alta`, `estado`, `activo`) VALUES (5, 'Germán', 'Rodríguez', 'ger@mail.com', '123', '15-8475-3654', NULL, '2018-07-05 12:10:00', 'activo', 1);
INSERT INTO `DW6_RADIKO`.`USUARIOS` (`id_usuario`, `nombre`, `apellido`, `email`, `password`, `telefono`, `foto`, `fecha_alta`, `estado`, `activo`) VALUES (6, 'Federico', 'Noto', 'fede@mail.com', '123', '', 'fede.jpg', '2018-07-20 12:10:00', 'suspendido', 1);
INSERT INTO `DW6_RADIKO`.`USUARIOS` (`id_usuario`, `nombre`, `apellido`, `email`, `password`, `telefono`, `foto`, `fecha_alta`, `estado`, `activo`) VALUES (7, 'Santiago', 'Gallino', 'santi@mail.com', '123', '25484569', NULL, '2018-08-10 12:10:00', 'activo', 1);
INSERT INTO `DW6_RADIKO`.`USUARIOS` (`id_usuario`, `nombre`, `apellido`, `email`, `password`, `telefono`, `foto`, `fecha_alta`, `estado`, `activo`) VALUES (8, 'Mabel', 'García', 'mabe@mail.com', '123', '15-2136-5478', NULL, '2018-08-12 12:10:00', 'activo', 1);
INSERT INTO `DW6_RADIKO`.`USUARIOS` (`id_usuario`, `nombre`, `apellido`, `email`, `password`, `telefono`, `foto`, `fecha_alta`, `estado`, `activo`) VALUES (9, 'Carlos', 'Gomez', 'info@jardinorganico.com.ar', '123', '11 4568-1223', 'carlos.jpg', '2018-07-15 12:10:00', 'activo', 1);
INSERT INTO `DW6_RADIKO`.`USUARIOS` (`id_usuario`, `nombre`, `apellido`, `email`, `password`, `telefono`, `foto`, `fecha_alta`, `estado`, `activo`) VALUES (10, 'Pedro', 'Martinez', 'hola@huertaorganica.com.ar', '123', '11-6547-8542', 'pedro.png', '2018-07-12 12:10:00', 'suspendido', 1);
INSERT INTO `DW6_RADIKO`.`USUARIOS` (`id_usuario`, `nombre`, `apellido`, `email`, `password`, `telefono`, `foto`, `fecha_alta`, `estado`, `activo`) VALUES (11, 'Oscar', 'Lopez', 'huerta@talloverde.com', '123', '0-800-88-82556', 'oscar.png', '2018-08-05 12:10:00', 'pendiente de pago', 1);
INSERT INTO `DW6_RADIKO`.`USUARIOS` (`id_usuario`, `nombre`, `apellido`, `email`, `password`, `telefono`, `foto`, `fecha_alta`, `estado`, `activo`) VALUES (12, 'Mariano', 'Pedraza', 'info@estilorganico.com', '123', '15-2839-83358', 'mariano.jpg', '2018-08-22 12:10:00', 'dado de baja', 1);

COMMIT;


-- -----------------------------------------------------
-- Data for table `DW6_RADIKO`.`ADMINISTRADORES`
-- -----------------------------------------------------
START TRANSACTION;
USE `DW6_RADIKO`;
INSERT INTO `DW6_RADIKO`.`ADMINISTRADORES` (`fk_usuario`) VALUES (1);
INSERT INTO `DW6_RADIKO`.`ADMINISTRADORES` (`fk_usuario`) VALUES (2);
INSERT INTO `DW6_RADIKO`.`ADMINISTRADORES` (`fk_usuario`) VALUES (3);
INSERT INTO `DW6_RADIKO`.`ADMINISTRADORES` (`fk_usuario`) VALUES (4);

COMMIT;


-- -----------------------------------------------------
-- Data for table `DW6_RADIKO`.`CLIENTES`
-- -----------------------------------------------------
START TRANSACTION;
USE `DW6_RADIKO`;
INSERT INTO `DW6_RADIKO`.`CLIENTES` (`fk_usuario`, `dni`, `fecha_nac`) VALUES (5, 27654321, '1978-09-01');
INSERT INTO `DW6_RADIKO`.`CLIENTES` (`fk_usuario`, `dni`, `fecha_nac`) VALUES (6, 30547896, '1985-06-21');
INSERT INTO `DW6_RADIKO`.`CLIENTES` (`fk_usuario`, `dni`, `fecha_nac`) VALUES (7, 30543216, NULL);
INSERT INTO `DW6_RADIKO`.`CLIENTES` (`fk_usuario`, `dni`, `fecha_nac`) VALUES (8, 29456789, '1980-11-19');

COMMIT;


-- -----------------------------------------------------
-- Data for table `DW6_RADIKO`.`TIPOS_HUERTAS`
-- -----------------------------------------------------
START TRANSACTION;
USE `DW6_RADIKO`;
INSERT INTO `DW6_RADIKO`.`TIPOS_HUERTAS` (`id_tipo_huerta`, `tipo`) VALUES (1, 'básica');
INSERT INTO `DW6_RADIKO`.`TIPOS_HUERTAS` (`id_tipo_huerta`, `tipo`) VALUES (2, 'premium');

COMMIT;


-- -----------------------------------------------------
-- Data for table `DW6_RADIKO`.`HUERTAS`
-- -----------------------------------------------------
START TRANSACTION;
USE `DW6_RADIKO`;
INSERT INTO `DW6_RADIKO`.`HUERTAS` (`id_huerta`, `nombre_huerta`, `cuit`, `razon_social`, `direccion`, `cantidad_max_envios`, `foto_huerta`, `activo`, `TIPO_HUERTA_id_tipo_huerta`, `USUARIOS_id_usuario`) VALUES (1, 'Jardín Orgánico', 30354568459, 'Huerta S.A.', NULL, 15, 'organico.jpg', 1, 1, 9);
INSERT INTO `DW6_RADIKO`.`HUERTAS` (`id_huerta`, `nombre_huerta`, `cuit`, `razon_social`, `direccion`, `cantidad_max_envios`, `foto_huerta`, `activo`, `TIPO_HUERTA_id_tipo_huerta`, `USUARIOS_id_usuario`) VALUES (2, 'Huertas Orgánicas Urbana', 33214569528, 'Gonzales y Perez S.R.L', 'Av. Estado de Israel 4799', 20, 'huertaorganica.jpg', 1, 2, 10);
INSERT INTO `DW6_RADIKO`.`HUERTAS` (`id_huerta`, `nombre_huerta`, `cuit`, `razon_social`, `direccion`, `cantidad_max_envios`, `foto_huerta`, `activo`, `TIPO_HUERTA_id_tipo_huerta`, `USUARIOS_id_usuario`) VALUES (3, 'Tallo Verde', 34245632145, 'Tallo S.A.', 'Ruta 192 Km. 8 - Open Door - Luján', 10, 'talloverde.jpg', 1, 2, 11);
INSERT INTO `DW6_RADIKO`.`HUERTAS` (`id_huerta`, `nombre_huerta`, `cuit`, `razon_social`, `direccion`, `cantidad_max_envios`, `foto_huerta`, `activo`, `TIPO_HUERTA_id_tipo_huerta`, `USUARIOS_id_usuario`) VALUES (4, 'Estilo Orgánico', 30457896529, 'Gatofer y Asociados', '3 de Febrero 940 San Isidro Buenos ', 25, 'estiloorganico.png', 1, 1, 12);

COMMIT;


-- -----------------------------------------------------
-- Data for table `DW6_RADIKO`.`CATEGORIAS`
-- -----------------------------------------------------
START TRANSACTION;
USE `DW6_RADIKO`;
INSERT INTO `DW6_RADIKO`.`CATEGORIAS` (`id_categoria`, `categoria`, `descripcion`) VALUES (1, 'Frutas', NULL);
INSERT INTO `DW6_RADIKO`.`CATEGORIAS` (`id_categoria`, `categoria`, `descripcion`) VALUES (2, 'Verduras', NULL);
INSERT INTO `DW6_RADIKO`.`CATEGORIAS` (`id_categoria`, `categoria`, `descripcion`) VALUES (3, 'Harinas', NULL);
INSERT INTO `DW6_RADIKO`.`CATEGORIAS` (`id_categoria`, `categoria`, `descripcion`) VALUES (4, 'Granja', NULL);
INSERT INTO `DW6_RADIKO`.`CATEGORIAS` (`id_categoria`, `categoria`, `descripcion`) VALUES (5, 'Lacteos', NULL);
INSERT INTO `DW6_RADIKO`.`CATEGORIAS` (`id_categoria`, `categoria`, `descripcion`) VALUES (6, 'Carnes', NULL);
INSERT INTO `DW6_RADIKO`.`CATEGORIAS` (`id_categoria`, `categoria`, `descripcion`) VALUES (7, 'Especias', NULL);
INSERT INTO `DW6_RADIKO`.`CATEGORIAS` (`id_categoria`, `categoria`, `descripcion`) VALUES (8, 'Semillas', NULL);
INSERT INTO `DW6_RADIKO`.`CATEGORIAS` (`id_categoria`, `categoria`, `descripcion`) VALUES (9, 'Envasados', NULL);
INSERT INTO `DW6_RADIKO`.`CATEGORIAS` (`id_categoria`, `categoria`, `descripcion`) VALUES (10, 'Otros', NULL);

COMMIT;


-- -----------------------------------------------------
-- Data for table `DW6_RADIKO`.`UNIDADES_DE_MEDIDA`
-- -----------------------------------------------------
START TRANSACTION;
USE `DW6_RADIKO`;
INSERT INTO `DW6_RADIKO`.`UNIDADES_DE_MEDIDA` (`id_unidad_medida`, `unidad_de_medida`) VALUES (1, 'unidad');
INSERT INTO `DW6_RADIKO`.`UNIDADES_DE_MEDIDA` (`id_unidad_medida`, `unidad_de_medida`) VALUES (2, 'litro');
INSERT INTO `DW6_RADIKO`.`UNIDADES_DE_MEDIDA` (`id_unidad_medida`, `unidad_de_medida`) VALUES (3, 'centímetro cúbico');
INSERT INTO `DW6_RADIKO`.`UNIDADES_DE_MEDIDA` (`id_unidad_medida`, `unidad_de_medida`) VALUES (4, 'gramo');
INSERT INTO `DW6_RADIKO`.`UNIDADES_DE_MEDIDA` (`id_unidad_medida`, `unidad_de_medida`) VALUES (5, 'kilogramo');

COMMIT;


-- -----------------------------------------------------
-- Data for table `DW6_RADIKO`.`PRODUCTOS`
-- -----------------------------------------------------
START TRANSACTION;
USE `DW6_RADIKO`;
INSERT INTO `DW6_RADIKO`.`PRODUCTOS` (`id_producto`, `producto`, `descripcion`, `marca`, `precio`, `foto`, `stock`, `activo`, `fecha_alta`, `fecha_baja`, `CATEGORIAS_id_categoria`, `UNIDADES_DE_MEDIDA_id_unidad_medida`, `HUERTAS_id_huerta`, `estado`) VALUES (1, 'tomate redondo', 'Tomates deliciosos de estación. Es un alimento con escasa cantidad de calorías. El tomate es una fuente importante de ciertos minerales (como el potasio y el magnesio).', 'Mitden', 30.5, 'tomate.jpeg', 20, 1, '2018-07-25 15:02:00', NULL, 2, 5, 1, 1);
INSERT INTO `DW6_RADIKO`.`PRODUCTOS` (`id_producto`, `producto`, `descripcion`, `marca`, `precio`, `foto`, `stock`, `activo`, `fecha_alta`, `fecha_baja`, `CATEGORIAS_id_categoria`, `UNIDADES_DE_MEDIDA_id_unidad_medida`, `HUERTAS_id_huerta`, `estado`) VALUES (2, 'lechuga francesa', 'La lechuga, desde el punto de vista alimentario, es especialmente apreciada por su frescura, gran digestibilidad y contenido de agua.', 'Mitden', 25, 'lechuga.jpeg', 30, 1, '2018-07-25 15:05:00', NULL, 2, 5, 1, 1);
INSERT INTO `DW6_RADIKO`.`PRODUCTOS` (`id_producto`, `producto`, `descripcion`, `marca`, `precio`, `foto`, `stock`, `activo`, `fecha_alta`, `fecha_baja`, `CATEGORIAS_id_categoria`, `UNIDADES_DE_MEDIDA_id_unidad_medida`, `HUERTAS_id_huerta`, `estado`) VALUES (3, 'zanahoria', 'Ideal para hacer jugos de zanahoria', 'Mitden', 15, 'zanahoria.jpeg', 35, 0, '2018-07-25 15:06:00', NULL, 2, 5, 1, 1);
INSERT INTO `DW6_RADIKO`.`PRODUCTOS` (`id_producto`, `producto`, `descripcion`, `marca`, `precio`, `foto`, `stock`, `activo`, `fecha_alta`, `fecha_baja`, `CATEGORIAS_id_categoria`, `UNIDADES_DE_MEDIDA_id_unidad_medida`, `HUERTAS_id_huerta`, `estado`) VALUES (4, 'tomate redondo', NULL, NULL, 25.9, 'tomateredondo.jpeg', 10, 1, '2018-08-20 17:02:00', NULL, 2, 5, 2, 1);
INSERT INTO `DW6_RADIKO`.`PRODUCTOS` (`id_producto`, `producto`, `descripcion`, `marca`, `precio`, `foto`, `stock`, `activo`, `fecha_alta`, `fecha_baja`, `CATEGORIAS_id_categoria`, `UNIDADES_DE_MEDIDA_id_unidad_medida`, `HUERTAS_id_huerta`, `estado`) VALUES (5, 'mandarina', NULL, NULL, 24, NULL, 30, 1, '2018-08-20 17:02:00', NULL, 1, 5, 2, 1);
INSERT INTO `DW6_RADIKO`.`PRODUCTOS` (`id_producto`, `producto`, `descripcion`, `marca`, `precio`, `foto`, `stock`, `activo`, `fecha_alta`, `fecha_baja`, `CATEGORIAS_id_categoria`, `UNIDADES_DE_MEDIDA_id_unidad_medida`, `HUERTAS_id_huerta`, `estado`) VALUES (6, 'pan de salvado', NULL, 'Salvador', 36, 'salvador.jpeg', 50, 1, '2018-08-20 17:02:00', NULL, 9, 1, 2, 1);
INSERT INTO `DW6_RADIKO`.`PRODUCTOS` (`id_producto`, `producto`, `descripcion`, `marca`, `precio`, `foto`, `stock`, `activo`, `fecha_alta`, `fecha_baja`, `CATEGORIAS_id_categoria`, `UNIDADES_DE_MEDIDA_id_unidad_medida`, `HUERTAS_id_huerta`, `estado`) VALUES (8, 'aceite', NULL, 'El olivo', 65, 'aceite.jpeg', 20, 1, '2018-08-28 17:02:00', NULL, 9, 2, 3, 1);
INSERT INTO `DW6_RADIKO`.`PRODUCTOS` (`id_producto`, `producto`, `descripcion`, `marca`, `precio`, `foto`, `stock`, `activo`, `fecha_alta`, `fecha_baja`, `CATEGORIAS_id_categoria`, `UNIDADES_DE_MEDIDA_id_unidad_medida`, `HUERTAS_id_huerta`, `estado`) VALUES (9, 'queso de cabra', NULL, NULL, 130, NULL, 10, 0, '2018-08-28 17:02:00', NULL, 5, 4, 3, 1);
INSERT INTO `DW6_RADIKO`.`PRODUCTOS` (`id_producto`, `producto`, `descripcion`, `marca`, `precio`, `foto`, `stock`, `activo`, `fecha_alta`, `fecha_baja`, `CATEGORIAS_id_categoria`, `UNIDADES_DE_MEDIDA_id_unidad_medida`, `HUERTAS_id_huerta`, `estado`) VALUES (10, 'tofu', NULL, NULL, 100, NULL, 5, 1, '2018-08-28 17:02:00', NULL, 5, 4, 3, 1);
INSERT INTO `DW6_RADIKO`.`PRODUCTOS` (`id_producto`, `producto`, `descripcion`, `marca`, `precio`, `foto`, `stock`, `activo`, `fecha_alta`, `fecha_baja`, `CATEGORIAS_id_categoria`, `UNIDADES_DE_MEDIDA_id_unidad_medida`, `HUERTAS_id_huerta`, `estado`) VALUES (11, 'pera', 'Las peras aportan a la persona que las consume mucha fibra soluble. Ayuda como regulador de la función intestinal y además elimina colesterol. Es una fuente de energía por su alto contenido en azúcares naturales. Tiene mucha vitamina C, algo de la A y E, también tiene potasio.', NULL, 59, 'pera.jpeg', 50, 1, '2018-09-28 17:02:00', NULL, 1, 5, 1, 1);
INSERT INTO `DW6_RADIKO`.`PRODUCTOS` (`id_producto`, `producto`, `descripcion`, `marca`, `precio`, `foto`, `stock`, `activo`, `fecha_alta`, `fecha_baja`, `CATEGORIAS_id_categoria`, `UNIDADES_DE_MEDIDA_id_unidad_medida`, `HUERTAS_id_huerta`, `estado`) VALUES (12, 'kiwi', 'El kiwi, además de vitamina C, también aporta gran cantidad de fibra al organismo, por lo que comer kiwis es bueno para combatir el estreñimiento y las hemorroides.', 'Corito', 65, 'kiwi.jpeg', 10, 1, '2018-09-28 17:10:00', NULL, 1, 5, 1, 1);
INSERT INTO `DW6_RADIKO`.`PRODUCTOS` (`id_producto`, `producto`, `descripcion`, `marca`, `precio`, `foto`, `stock`, `activo`, `fecha_alta`, `fecha_baja`, `CATEGORIAS_id_categoria`, `UNIDADES_DE_MEDIDA_id_unidad_medida`, `HUERTAS_id_huerta`, `estado`) VALUES (13, 'bife de chorizo de pastura', 'Carne de novillos criados y alimentados sobre pasturas de campos orgánicos certificados, únicos en el país.', 'Fura', 625, 'bife.jpeg', 120, 1, '2018-09-28 17:15:00', NULL, 4, 5, 1, 1);
INSERT INTO `DW6_RADIKO`.`PRODUCTOS` (`id_producto`, `producto`, `descripcion`, `marca`, `precio`, `foto`, `stock`, `activo`, `fecha_alta`, `fecha_baja`, `CATEGORIAS_id_categoria`, `UNIDADES_DE_MEDIDA_id_unidad_medida`, `HUERTAS_id_huerta`, `estado`) VALUES (14, 'Pollo pastoril', 'Es alimentado exclusivamente con nutrientes de origen vegetal provistos por pasturas y granos y por minerales de origen marino que complementan su dieta animal.', 'Coeco', 453, 'pollo.jpeg', 1, 1, '2018-09-28 17:18:00', NULL, 4, 5, 1, 0);
INSERT INTO `DW6_RADIKO`.`PRODUCTOS` (`id_producto`, `producto`, `descripcion`, `marca`, `precio`, `foto`, `stock`, `activo`, `fecha_alta`, `fecha_baja`, `CATEGORIAS_id_categoria`, `UNIDADES_DE_MEDIDA_id_unidad_medida`, `HUERTAS_id_huerta`, `estado`) VALUES (15, 'Manteca sin sal', 'Manteca hecha de crema de vacas jersey, es de excelente color, textura y aroma.', 'La Choza', 97.5, NULL, 30, 1, '2018-09-28 17:19:00', NULL, 5, 1, 1, 1);
INSERT INTO `DW6_RADIKO`.`PRODUCTOS` (`id_producto`, `producto`, `descripcion`, `marca`, `precio`, `foto`, `stock`, `activo`, `fecha_alta`, `fecha_baja`, `CATEGORIAS_id_categoria`, `UNIDADES_DE_MEDIDA_id_unidad_medida`, `HUERTAS_id_huerta`, `estado`) VALUES (DEFAULT, 'Queso pategrás natural', 'Quesos 100% orgánicos de Tandil. Elaborados desde la aplicación de métodos no contaminantes en la producción, sin aditivos químicos ni sustancias de origen sintético, pero además, representan una producción en sintonía con el cuidado del medio ambiente y el desarrollo sustentable.', 'Familia Antonutti', 189, 'queso.jpeg', 24, 1, '2018-09-28 17:20:00', NULL, 5, 1, 1, 1);

COMMIT;


-- -----------------------------------------------------
-- Data for table `DW6_RADIKO`.`ZONAS`
-- -----------------------------------------------------
START TRANSACTION;
USE `DW6_RADIKO`;
INSERT INTO `DW6_RADIKO`.`ZONAS` (`id_zona`, `zona`) VALUES (1, 'norte');
INSERT INTO `DW6_RADIKO`.`ZONAS` (`id_zona`, `zona`) VALUES (2, 'sur');
INSERT INTO `DW6_RADIKO`.`ZONAS` (`id_zona`, `zona`) VALUES (3, 'este');
INSERT INTO `DW6_RADIKO`.`ZONAS` (`id_zona`, `zona`) VALUES (4, 'oeste');
INSERT INTO `DW6_RADIKO`.`ZONAS` (`id_zona`, `zona`) VALUES (5, 'centro');

COMMIT;


-- -----------------------------------------------------
-- Data for table `DW6_RADIKO`.`COSTO_ZONAS`
-- -----------------------------------------------------
START TRANSACTION;
USE `DW6_RADIKO`;
INSERT INTO `DW6_RADIKO`.`COSTO_ZONAS` (`ZONAS_id_zona`, `HUERTAS_id_huerta`, `precio_zona`) VALUES (1, 1, 15);
INSERT INTO `DW6_RADIKO`.`COSTO_ZONAS` (`ZONAS_id_zona`, `HUERTAS_id_huerta`, `precio_zona`) VALUES (2, 1, 20);
INSERT INTO `DW6_RADIKO`.`COSTO_ZONAS` (`ZONAS_id_zona`, `HUERTAS_id_huerta`, `precio_zona`) VALUES (3, 1, 25);
INSERT INTO `DW6_RADIKO`.`COSTO_ZONAS` (`ZONAS_id_zona`, `HUERTAS_id_huerta`, `precio_zona`) VALUES (4, 1, 30);
INSERT INTO `DW6_RADIKO`.`COSTO_ZONAS` (`ZONAS_id_zona`, `HUERTAS_id_huerta`, `precio_zona`) VALUES (5, 1, 15);
INSERT INTO `DW6_RADIKO`.`COSTO_ZONAS` (`ZONAS_id_zona`, `HUERTAS_id_huerta`, `precio_zona`) VALUES (1, 2, 25);
INSERT INTO `DW6_RADIKO`.`COSTO_ZONAS` (`ZONAS_id_zona`, `HUERTAS_id_huerta`, `precio_zona`) VALUES (2, 2, 50);
INSERT INTO `DW6_RADIKO`.`COSTO_ZONAS` (`ZONAS_id_zona`, `HUERTAS_id_huerta`, `precio_zona`) VALUES (3, 2, 25);
INSERT INTO `DW6_RADIKO`.`COSTO_ZONAS` (`ZONAS_id_zona`, `HUERTAS_id_huerta`, `precio_zona`) VALUES (4, 2, 35);
INSERT INTO `DW6_RADIKO`.`COSTO_ZONAS` (`ZONAS_id_zona`, `HUERTAS_id_huerta`, `precio_zona`) VALUES (5, 2, 15);
INSERT INTO `DW6_RADIKO`.`COSTO_ZONAS` (`ZONAS_id_zona`, `HUERTAS_id_huerta`, `precio_zona`) VALUES (1, 3, 50);
INSERT INTO `DW6_RADIKO`.`COSTO_ZONAS` (`ZONAS_id_zona`, `HUERTAS_id_huerta`, `precio_zona`) VALUES (2, 3, 50);
INSERT INTO `DW6_RADIKO`.`COSTO_ZONAS` (`ZONAS_id_zona`, `HUERTAS_id_huerta`, `precio_zona`) VALUES (3, 3, 50);
INSERT INTO `DW6_RADIKO`.`COSTO_ZONAS` (`ZONAS_id_zona`, `HUERTAS_id_huerta`, `precio_zona`) VALUES (4, 3, 50);
INSERT INTO `DW6_RADIKO`.`COSTO_ZONAS` (`ZONAS_id_zona`, `HUERTAS_id_huerta`, `precio_zona`) VALUES (5, 3, 50);

COMMIT;


-- -----------------------------------------------------
-- Data for table `DW6_RADIKO`.`ENVIOS`
-- -----------------------------------------------------
START TRANSACTION;
USE `DW6_RADIKO`;
INSERT INTO `DW6_RADIKO`.`ENVIOS` (`id_envio`, `fecha_envio`, `COSTO_ZONAS_ZONAS_id_zona`, `COSTO_ZONAS_HUERTAS_id_huerta`) VALUES (1, '2018-08-06', 3, 1);
INSERT INTO `DW6_RADIKO`.`ENVIOS` (`id_envio`, `fecha_envio`, `COSTO_ZONAS_ZONAS_id_zona`, `COSTO_ZONAS_HUERTAS_id_huerta`) VALUES (2, '2018-08-30', 1, 3);
INSERT INTO `DW6_RADIKO`.`ENVIOS` (`id_envio`, `fecha_envio`, `COSTO_ZONAS_ZONAS_id_zona`, `COSTO_ZONAS_HUERTAS_id_huerta`) VALUES (3, '2018-09-02', 3, 2);
INSERT INTO `DW6_RADIKO`.`ENVIOS` (`id_envio`, `fecha_envio`, `COSTO_ZONAS_ZONAS_id_zona`, `COSTO_ZONAS_HUERTAS_id_huerta`) VALUES (4, '2018-09-03', 2, 1);
INSERT INTO `DW6_RADIKO`.`ENVIOS` (`id_envio`, `fecha_envio`, `COSTO_ZONAS_ZONAS_id_zona`, `COSTO_ZONAS_HUERTAS_id_huerta`) VALUES (5, '2018-10-03', 2, 1);
INSERT INTO `DW6_RADIKO`.`ENVIOS` (`id_envio`, `fecha_envio`, `COSTO_ZONAS_ZONAS_id_zona`, `COSTO_ZONAS_HUERTAS_id_huerta`) VALUES (6, '2018-10-08', 3, 1);
INSERT INTO `DW6_RADIKO`.`ENVIOS` (`id_envio`, `fecha_envio`, `COSTO_ZONAS_ZONAS_id_zona`, `COSTO_ZONAS_HUERTAS_id_huerta`) VALUES (7, '2018-10-12', 3, 1);
INSERT INTO `DW6_RADIKO`.`ENVIOS` (`id_envio`, `fecha_envio`, `COSTO_ZONAS_ZONAS_id_zona`, `COSTO_ZONAS_HUERTAS_id_huerta`) VALUES (8, '2018-10-15', 1, 1);
INSERT INTO `DW6_RADIKO`.`ENVIOS` (`id_envio`, `fecha_envio`, `COSTO_ZONAS_ZONAS_id_zona`, `COSTO_ZONAS_HUERTAS_id_huerta`) VALUES (9, '2018-10-20', 2, 1);

COMMIT;


-- -----------------------------------------------------
-- Data for table `DW6_RADIKO`.`TIPOS_PAGOS`
-- -----------------------------------------------------
START TRANSACTION;
USE `DW6_RADIKO`;
INSERT INTO `DW6_RADIKO`.`TIPOS_PAGOS` (`id_tipo_pago`, `tipo_pago`) VALUES (1, 'efectivo');
INSERT INTO `DW6_RADIKO`.`TIPOS_PAGOS` (`id_tipo_pago`, `tipo_pago`) VALUES (2, 'mercadopago');

COMMIT;


-- -----------------------------------------------------
-- Data for table `DW6_RADIKO`.`ESTADOS_PEDIDOS`
-- -----------------------------------------------------
START TRANSACTION;
USE `DW6_RADIKO`;
INSERT INTO `DW6_RADIKO`.`ESTADOS_PEDIDOS` (`id_estado`, `estado`) VALUES (1, 'pendiente de pago');
INSERT INTO `DW6_RADIKO`.`ESTADOS_PEDIDOS` (`id_estado`, `estado`) VALUES (2, 'pendiente de entrega');
INSERT INTO `DW6_RADIKO`.`ESTADOS_PEDIDOS` (`id_estado`, `estado`) VALUES (3, 'entregado');
INSERT INTO `DW6_RADIKO`.`ESTADOS_PEDIDOS` (`id_estado`, `estado`) VALUES (4, 'cancelado por el cliente');
INSERT INTO `DW6_RADIKO`.`ESTADOS_PEDIDOS` (`id_estado`, `estado`) VALUES (5, 'cancelado por la huerta');
INSERT INTO `DW6_RADIKO`.`ESTADOS_PEDIDOS` (`id_estado`, `estado`) VALUES (6, 'cancelado por el administrador');

COMMIT;


-- -----------------------------------------------------
-- Data for table `DW6_RADIKO`.`DISPONIBILIDADES`
-- -----------------------------------------------------
START TRANSACTION;
USE `DW6_RADIKO`;
INSERT INTO `DW6_RADIKO`.`DISPONIBILIDADES` (`id_disponibilidad`, `dias`, `horario_inicio`, `horario_final`, `activo`, `HUERTAS_id_huerta`) VALUES (1, 'lunes', '09:00:00', '18:00:00', 1, 1);
INSERT INTO `DW6_RADIKO`.`DISPONIBILIDADES` (`id_disponibilidad`, `dias`, `horario_inicio`, `horario_final`, `activo`, `HUERTAS_id_huerta`) VALUES (2, 'martes', '09:00:00', '18:00:00', 1, 1);
INSERT INTO `DW6_RADIKO`.`DISPONIBILIDADES` (`id_disponibilidad`, `dias`, `horario_inicio`, `horario_final`, `activo`, `HUERTAS_id_huerta`) VALUES (3, 'jueves', '08:00:00', '17:00:00', 1, 1);
INSERT INTO `DW6_RADIKO`.`DISPONIBILIDADES` (`id_disponibilidad`, `dias`, `horario_inicio`, `horario_final`, `activo`, `HUERTAS_id_huerta`) VALUES (4, 'viernes', '10:00:00', '19:00:00', 1, 1);
INSERT INTO `DW6_RADIKO`.`DISPONIBILIDADES` (`id_disponibilidad`, `dias`, `horario_inicio`, `horario_final`, `activo`, `HUERTAS_id_huerta`) VALUES (6, 'martes', '08:00:00', '20:00:00', 1, 2);
INSERT INTO `DW6_RADIKO`.`DISPONIBILIDADES` (`id_disponibilidad`, `dias`, `horario_inicio`, `horario_final`, `activo`, `HUERTAS_id_huerta`) VALUES (7, 'jueves', '08:00:00', '20:00:00', 1, 2);
INSERT INTO `DW6_RADIKO`.`DISPONIBILIDADES` (`id_disponibilidad`, `dias`, `horario_inicio`, `horario_final`, `activo`, `HUERTAS_id_huerta`) VALUES (8, 'sábado', '08:00:00', '20:00:00', 1, 2);
INSERT INTO `DW6_RADIKO`.`DISPONIBILIDADES` (`id_disponibilidad`, `dias`, `horario_inicio`, `horario_final`, `activo`, `HUERTAS_id_huerta`) VALUES (9, 'martes', '07:00:00', '12:00:00', 1, 3);
INSERT INTO `DW6_RADIKO`.`DISPONIBILIDADES` (`id_disponibilidad`, `dias`, `horario_inicio`, `horario_final`, `activo`, `HUERTAS_id_huerta`) VALUES (10, 'martes', '15:00:00', '21:00:00', 1, 3);
INSERT INTO `DW6_RADIKO`.`DISPONIBILIDADES` (`id_disponibilidad`, `dias`, `horario_inicio`, `horario_final`, `activo`, `HUERTAS_id_huerta`) VALUES (11, 'miercoles', '08:00:00', '18:00:00', 1, 3);
INSERT INTO `DW6_RADIKO`.`DISPONIBILIDADES` (`id_disponibilidad`, `dias`, `horario_inicio`, `horario_final`, `activo`, `HUERTAS_id_huerta`) VALUES (12, 'sábado', '08:00:00', '18:00:00', 1, 3);
INSERT INTO `DW6_RADIKO`.`DISPONIBILIDADES` (`id_disponibilidad`, `dias`, `horario_inicio`, `horario_final`, `activo`, `HUERTAS_id_huerta`) VALUES (13, 'jueves', '10:00:00', '20:00:00', 1, 4);
INSERT INTO `DW6_RADIKO`.`DISPONIBILIDADES` (`id_disponibilidad`, `dias`, `horario_inicio`, `horario_final`, `activo`, `HUERTAS_id_huerta`) VALUES (14, 'viernes', '10:00:00', '20:00:00', 1, 4);
INSERT INTO `DW6_RADIKO`.`DISPONIBILIDADES` (`id_disponibilidad`, `dias`, `horario_inicio`, `horario_final`, `activo`, `HUERTAS_id_huerta`) VALUES (15, 'sábado', '10:00:00', '20:00:00', 1, 4);
INSERT INTO `DW6_RADIKO`.`DISPONIBILIDADES` (`id_disponibilidad`, `dias`, `horario_inicio`, `horario_final`, `activo`, `HUERTAS_id_huerta`) VALUES (16, 'domingo', '10:00:00', '14:00:00', 1, 4);

COMMIT;


-- -----------------------------------------------------
-- Data for table `DW6_RADIKO`.`PEDIDOS`
-- -----------------------------------------------------
START TRANSACTION;
USE `DW6_RADIKO`;
INSERT INTO `DW6_RADIKO`.`PEDIDOS` (`id_pedido`, `fecha_pedido`, `subtotal`, `observaciones`, `CLIENTES_fk_usuario`, `ENVIO_id_envio`, `TIPO_PAGO_id_tipo_pago`, `ESTADO_PEDIDO_id_estado`, `DISPONIBILIDAD_id_disponibilidad`, `HUERTAS_id_huerta`) VALUES (1, '2018-08-05 16:30:00', 101, NULL, 5, 1, 1, 2, 2, 1);
INSERT INTO `DW6_RADIKO`.`PEDIDOS` (`id_pedido`, `fecha_pedido`, `subtotal`, `observaciones`, `CLIENTES_fk_usuario`, `ENVIO_id_envio`, `TIPO_PAGO_id_tipo_pago`, `ESTADO_PEDIDO_id_estado`, `DISPONIBILIDAD_id_disponibilidad`, `HUERTAS_id_huerta`) VALUES (2, '2018-08-30 13:25:00', 325, NULL, 6, 2, 2, 1, 7, 3);
INSERT INTO `DW6_RADIKO`.`PEDIDOS` (`id_pedido`, `fecha_pedido`, `subtotal`, `observaciones`, `CLIENTES_fk_usuario`, `ENVIO_id_envio`, `TIPO_PAGO_id_tipo_pago`, `ESTADO_PEDIDO_id_estado`, `DISPONIBILIDAD_id_disponibilidad`, `HUERTAS_id_huerta`) VALUES (3, '2018-09-01 19:00:00', 103.6, NULL, 7, 3, 2, 3, 11, 2);
INSERT INTO `DW6_RADIKO`.`PEDIDOS` (`id_pedido`, `fecha_pedido`, `subtotal`, `observaciones`, `CLIENTES_fk_usuario`, `ENVIO_id_envio`, `TIPO_PAGO_id_tipo_pago`, `ESTADO_PEDIDO_id_estado`, `DISPONIBILIDAD_id_disponibilidad`, `HUERTAS_id_huerta`) VALUES (4, '2018-09-03 16:50:00', 170, NULL, 8, 4, 2, 4, 12, 1);
INSERT INTO `DW6_RADIKO`.`PEDIDOS` (`id_pedido`, `fecha_pedido`, `subtotal`, `observaciones`, `CLIENTES_fk_usuario`, `ENVIO_id_envio`, `TIPO_PAGO_id_tipo_pago`, `ESTADO_PEDIDO_id_estado`, `DISPONIBILIDAD_id_disponibilidad`, `HUERTAS_id_huerta`) VALUES (5, '2018-10-03 16:50:00', 189, NULL, 8, 5, 1, 1, 1, 1);
INSERT INTO `DW6_RADIKO`.`PEDIDOS` (`id_pedido`, `fecha_pedido`, `subtotal`, `observaciones`, `CLIENTES_fk_usuario`, `ENVIO_id_envio`, `TIPO_PAGO_id_tipo_pago`, `ESTADO_PEDIDO_id_estado`, `DISPONIBILIDAD_id_disponibilidad`, `HUERTAS_id_huerta`) VALUES (6, '2018-10-08 06:30:00', 1250, NULL, 5, 6, 1, 2, 2, 1);
INSERT INTO `DW6_RADIKO`.`PEDIDOS` (`id_pedido`, `fecha_pedido`, `subtotal`, `observaciones`, `CLIENTES_fk_usuario`, `ENVIO_id_envio`, `TIPO_PAGO_id_tipo_pago`, `ESTADO_PEDIDO_id_estado`, `DISPONIBILIDAD_id_disponibilidad`, `HUERTAS_id_huerta`) VALUES (7, '2018-10-12 15:50:00', 115, NULL, 7, 7, 2, 2, 1, 1);
INSERT INTO `DW6_RADIKO`.`PEDIDOS` (`id_pedido`, `fecha_pedido`, `subtotal`, `observaciones`, `CLIENTES_fk_usuario`, `ENVIO_id_envio`, `TIPO_PAGO_id_tipo_pago`, `ESTADO_PEDIDO_id_estado`, `DISPONIBILIDAD_id_disponibilidad`, `HUERTAS_id_huerta`) VALUES (8, '2018-10-15 16:50:00', 134, NULL, 6, 8, 2, 1, 3, 1);
INSERT INTO `DW6_RADIKO`.`PEDIDOS` (`id_pedido`, `fecha_pedido`, `subtotal`, `observaciones`, `CLIENTES_fk_usuario`, `ENVIO_id_envio`, `TIPO_PAGO_id_tipo_pago`, `ESTADO_PEDIDO_id_estado`, `DISPONIBILIDAD_id_disponibilidad`, `HUERTAS_id_huerta`) VALUES (9, '2018-10-20 08:30:00', 453, NULL, 8, 9, 1, 2, 4, 1);

COMMIT;


-- -----------------------------------------------------
-- Data for table `DW6_RADIKO`.`DIRECCIONES`
-- -----------------------------------------------------
START TRANSACTION;
USE `DW6_RADIKO`;
INSERT INTO `DW6_RADIKO`.`DIRECCIONES` (`id_direccion`, `referencia`, `tipo`, `calle`, `numero`, `piso`, `departamento`, `telefono`, `aclaracion`, `activo`, `CLIENTES_fk_usuario`, `ZONAS_id_zona`) VALUES (1, 'Mi casa', 1, 'Sarmiento', '1200', '1', 'D', NULL, 'Puerta negra', 1, 5, 3);
INSERT INTO `DW6_RADIKO`.`DIRECCIONES` (`id_direccion`, `referencia`, `tipo`, `calle`, `numero`, `piso`, `departamento`, `telefono`, `aclaracion`, `activo`, `CLIENTES_fk_usuario`, `ZONAS_id_zona`) VALUES (2, 'Lo del tío', 0, 'Ayacucho', '1571', '2', '1', '1565478254', NULL, 1, 5, 1);
INSERT INTO `DW6_RADIKO`.`DIRECCIONES` (`id_direccion`, `referencia`, `tipo`, `calle`, `numero`, `piso`, `departamento`, `telefono`, `aclaracion`, `activo`, `CLIENTES_fk_usuario`, `ZONAS_id_zona`) VALUES (3, 'Casa de mamá', 1, 'Godoy Cruz', '3008', NULL, NULL, '25476875', 'No funciona el timbre, pegar un grito', 1, 6, 1);
INSERT INTO `DW6_RADIKO`.`DIRECCIONES` (`id_direccion`, `referencia`, `tipo`, `calle`, `numero`, `piso`, `departamento`, `telefono`, `aclaracion`, `activo`, `CLIENTES_fk_usuario`, `ZONAS_id_zona`) VALUES (4, NULL, 1, 'Belgrano', '955', '5', 'A', '5647-8963', NULL, 1, 7, 3);
INSERT INTO `DW6_RADIKO`.`DIRECCIONES` (`id_direccion`, `referencia`, `tipo`, `calle`, `numero`, `piso`, `departamento`, `telefono`, `aclaracion`, `activo`, `CLIENTES_fk_usuario`, `ZONAS_id_zona`) VALUES (5, 'Casa', 1, 'Garay', '607', '2', NULL, '63217856', NULL, 1, 8, 2);
INSERT INTO `DW6_RADIKO`.`DIRECCIONES` (`id_direccion`, `referencia`, `tipo`, `calle`, `numero`, `piso`, `departamento`, `telefono`, `aclaracion`, `activo`, `CLIENTES_fk_usuario`, `ZONAS_id_zona`) VALUES (6, 'Oficina', 0, 'Pavón', '2500', '9', 'C', NULL, 'Dejar al Sr. de Seguridad', 1, 7, 3);

COMMIT;


-- -----------------------------------------------------
-- Data for table `DW6_RADIKO`.`LOG_EVENTOS`
-- -----------------------------------------------------
START TRANSACTION;
USE `DW6_RADIKO`;
INSERT INTO `DW6_RADIKO`.`LOG_EVENTOS` (`id_log_eventos`, `accion`, `ip`, `fecha_evento`, `USUARIOS_id_usuario`) VALUES (1, 'Alta en sistema', '192.168.20.168', '2018-07-05 12:10:00', 5);
INSERT INTO `DW6_RADIKO`.`LOG_EVENTOS` (`id_log_eventos`, `accion`, `ip`, `fecha_evento`, `USUARIOS_id_usuario`) VALUES (2, 'Realización de pedido #1', '192.168.20.168', '2018-08-05 16:30:00', 5);
INSERT INTO `DW6_RADIKO`.`LOG_EVENTOS` (`id_log_eventos`, `accion`, `ip`, `fecha_evento`, `USUARIOS_id_usuario`) VALUES (3, 'Nueva dirección', '192.168.20.168', '2018-07-05 16:30:00', 5);
INSERT INTO `DW6_RADIKO`.`LOG_EVENTOS` (`id_log_eventos`, `accion`, `ip`, `fecha_evento`, `USUARIOS_id_usuario`) VALUES (4, 'Alta en sistema', '192.168.30.180', '2018-07-20 12:10:00', 6);
INSERT INTO `DW6_RADIKO`.`LOG_EVENTOS` (`id_log_eventos`, `accion`, `ip`, `fecha_evento`, `USUARIOS_id_usuario`) VALUES (5, 'Realización de pedido #2', '192.168.30.180', '2018-08-30 13:25:00', 6);
INSERT INTO `DW6_RADIKO`.`LOG_EVENTOS` (`id_log_eventos`, `accion`, `ip`, `fecha_evento`, `USUARIOS_id_usuario`) VALUES (6, 'Cancelación de pedido #4', '195.168.12.160', '2018-09-03 18:50:00', 8);
INSERT INTO `DW6_RADIKO`.`LOG_EVENTOS` (`id_log_eventos`, `accion`, `ip`, `fecha_evento`, `USUARIOS_id_usuario`) VALUES (7, 'Incorporación producto #1', '198.168.22.168', '2018-07-25 15:02:00', 9);
INSERT INTO `DW6_RADIKO`.`LOG_EVENTOS` (`id_log_eventos`, `accion`, `ip`, `fecha_evento`, `USUARIOS_id_usuario`) VALUES (8, 'Incorporación producto #2', '198.168.22.168', '2018-07-25 15:02:00', 9);
INSERT INTO `DW6_RADIKO`.`LOG_EVENTOS` (`id_log_eventos`, `accion`, `ip`, `fecha_evento`, `USUARIOS_id_usuario`) VALUES (9, 'Baja de producto #2', '198.168.22.168', '2018-08-05 16:00:00', 9);

COMMIT;


-- -----------------------------------------------------
-- Data for table `DW6_RADIKO`.`REL_PEDIDOS_PRODUCTOS`
-- -----------------------------------------------------
START TRANSACTION;
USE `DW6_RADIKO`;
INSERT INTO `DW6_RADIKO`.`REL_PEDIDOS_PRODUCTOS` (`PRODUCTOS_id_producto`, `PEDIDOS_id_pedido`, `precio`, `cantidad`) VALUES (1, 1, 61, 2);
INSERT INTO `DW6_RADIKO`.`REL_PEDIDOS_PRODUCTOS` (`PRODUCTOS_id_producto`, `PEDIDOS_id_pedido`, `precio`, `cantidad`) VALUES (2, 1, 25, 1);
INSERT INTO `DW6_RADIKO`.`REL_PEDIDOS_PRODUCTOS` (`PRODUCTOS_id_producto`, `PEDIDOS_id_pedido`, `precio`, `cantidad`) VALUES (3, 1, 15, 1);
INSERT INTO `DW6_RADIKO`.`REL_PEDIDOS_PRODUCTOS` (`PRODUCTOS_id_producto`, `PEDIDOS_id_pedido`, `precio`, `cantidad`) VALUES (8, 2, 195, 3);
INSERT INTO `DW6_RADIKO`.`REL_PEDIDOS_PRODUCTOS` (`PRODUCTOS_id_producto`, `PEDIDOS_id_pedido`, `precio`, `cantidad`) VALUES (9, 2, 130, 1);
INSERT INTO `DW6_RADIKO`.`REL_PEDIDOS_PRODUCTOS` (`PRODUCTOS_id_producto`, `PEDIDOS_id_pedido`, `precio`, `cantidad`) VALUES (4, 3, 103.6, 5);
INSERT INTO `DW6_RADIKO`.`REL_PEDIDOS_PRODUCTOS` (`PRODUCTOS_id_producto`, `PEDIDOS_id_pedido`, `precio`, `cantidad`) VALUES (2, 4, 100, 4);
INSERT INTO `DW6_RADIKO`.`REL_PEDIDOS_PRODUCTOS` (`PRODUCTOS_id_producto`, `PEDIDOS_id_pedido`, `precio`, `cantidad`) VALUES (3, 4, 70, 2);
INSERT INTO `DW6_RADIKO`.`REL_PEDIDOS_PRODUCTOS` (`PRODUCTOS_id_producto`, `PEDIDOS_id_pedido`, `precio`, `cantidad`) VALUES (16, 5, 189, 1);
INSERT INTO `DW6_RADIKO`.`REL_PEDIDOS_PRODUCTOS` (`PRODUCTOS_id_producto`, `PEDIDOS_id_pedido`, `precio`, `cantidad`) VALUES (13, 6, 1250, 2);
INSERT INTO `DW6_RADIKO`.`REL_PEDIDOS_PRODUCTOS` (`PRODUCTOS_id_producto`, `PEDIDOS_id_pedido`, `precio`, `cantidad`) VALUES (12, 7, 65, 1);
INSERT INTO `DW6_RADIKO`.`REL_PEDIDOS_PRODUCTOS` (`PRODUCTOS_id_producto`, `PEDIDOS_id_pedido`, `precio`, `cantidad`) VALUES (2, 7, 50, 2);
INSERT INTO `DW6_RADIKO`.`REL_PEDIDOS_PRODUCTOS` (`PRODUCTOS_id_producto`, `PEDIDOS_id_pedido`, `precio`, `cantidad`) VALUES (2, 8, 75, 3);
INSERT INTO `DW6_RADIKO`.`REL_PEDIDOS_PRODUCTOS` (`PRODUCTOS_id_producto`, `PEDIDOS_id_pedido`, `precio`, `cantidad`) VALUES (11, 8, 59, 1);
INSERT INTO `DW6_RADIKO`.`REL_PEDIDOS_PRODUCTOS` (`PRODUCTOS_id_producto`, `PEDIDOS_id_pedido`, `precio`, `cantidad`) VALUES (14, 9, 453, 1);

COMMIT;


-- -----------------------------------------------------
-- Data for table `DW6_RADIKO`.`REL_HUERTAS_CLIENTES_REVIEW`
-- -----------------------------------------------------
START TRANSACTION;
USE `DW6_RADIKO`;
INSERT INTO `DW6_RADIKO`.`REL_HUERTAS_CLIENTES_REVIEW` (`HUERTAS_id_huerta`, `CLIENTES_fk_usuario`, `estrellas`, `comentario`, `fecha`, `activo`) VALUES (1, 5, 5, 'Todos los productos muy frescos', '2018-08-20 17:02:00', 0);
INSERT INTO `DW6_RADIKO`.`REL_HUERTAS_CLIENTES_REVIEW` (`HUERTAS_id_huerta`, `CLIENTES_fk_usuario`, `estrellas`, `comentario`, `fecha`, `activo`) VALUES (2, 7, 4, 'Los mejores tomates los tiene esta huerta', '2018-08-20 20:30:00', 1);
INSERT INTO `DW6_RADIKO`.`REL_HUERTAS_CLIENTES_REVIEW` (`HUERTAS_id_huerta`, `CLIENTES_fk_usuario`, `estrellas`, `comentario`, `fecha`, `activo`) VALUES (3, 8, 2, 'Las verduras llegaron todas aplastadas', '2018-09-08 15:00:00', 0);
INSERT INTO `DW6_RADIKO`.`REL_HUERTAS_CLIENTES_REVIEW` (`HUERTAS_id_huerta`, `CLIENTES_fk_usuario`, `estrellas`, `comentario`, `fecha`, `activo`) VALUES (4, 7, 5, 'Recomiendo esta huerta, todo muy rico', '2018-09-12 18:02:00', 1);
INSERT INTO `DW6_RADIKO`.`REL_HUERTAS_CLIENTES_REVIEW` (`HUERTAS_id_huerta`, `CLIENTES_fk_usuario`, `estrellas`, `comentario`, `fecha`, `activo`) VALUES (2, 6, 3, 'Voy a darle una nueva oportunidad a ese tofu', '2018-09-15 17:24:00', 0);

COMMIT;

